Title;Variant Price;Variant Compare At Price;Stock;Difference Price;ROI;Slug
Huile d'Argan 100% Pure ;22;26,4;100;;;
Huile d'Argan 100% Pure Golden ;25;30;100;;;
Huile d'Argan Aromatisée à L'OUD;21;25,2;100;;;
Huile d'Argan Aromatisée à la Lavande;21;25,2;100;;;
Huile d'Argan  Aromatisée à l'Eucalyptus;21;25,2;100;;;
Huile d'Argan Aromatisée au Jasmin;21;25,2;100;;;
Huile de Pépin de Figue de Barbarie 100% Pure;51;61,2;100;;;
Huile de Pépin de Figue de Barbarie 100% Pure -  Noblesse Berbère;56;67,2;100;;;
Sérum Anti-Âge Naturel;41;49,2;100;;;
Huile Corporelle Raffinée;17;20,4;100;;;
Huile de Massage Chauffante;16;19,2;100;;;
Huile de Massage Chauffante;17;20,4;100;;;
Huile Capillaire Fortifiante;17;20,4;100;;;
Eau de Rose;9;10,8;100;;;
Baume à lèvre;5;6;100;;;
Savon Dur Á l'Argan;6;7,2;100;;;
Savon Dur Au Pépin de Figue de Barbarie;6;7,2;100;;;
Savon Dur Á la Verveine;6;7,2;100;;;
Savon Dur Á l'Argile Verte;6;7,2;100;;;
Savon Dur Á la Menthe;6;7,2;100;;;
Savon Dur Aux Amandes;6;7,2;100;;;
Savon Dur Au Jasmin;6;7,2;100;;;
Savon Dur Au Café;6;7,2;100;;;
Savon Dur Á la Fleur d'Oranger;6;7,2;100;;;
Savon Dur Á la Nigelle;6;7,2;100;;;
Savon Dur Á la Cartotte & Nigelle;6;7,2;100;;;
Savon Dur Á la Rose;6;7,2;100;;;
Huile Végétale Avocat;14,4;17,28;100;;;
Huile Végétale Sésame;10,5;12,6;100;;;
Huile Végétale Ricin;10,5;12,6;100;;;
Huile Végétale Nigelle ;11,4;13,68;100;;;
Huile Végétale Amande Douce;11,4;13,68;100;;;
Huile Végétale Amande Amère;11,4;13,68;100;;;
Savon Noir Naturel;10;12;100;;;
Savon Noir Lavande;10;12;100;;;
Savon Noir Eucalyptus;10;12;100;;;
Savon Noir Romarin;10;12;100;;;
Ghassoul Naturel;9,9;11,88;100;;;
Ghassoul Lavande;9,9;11,88;100;;;
Ghassoul Eucalyptus;9,9;11,88;100;;;
Ghassoul Romarin ;9,9;11,88;100;;;
Coffret Rond;18,9;22,68;100;;;
Coffret Réctangulaire;18,9;22,68;100;;;
Huile d'Agran Alimentaire ;16,25;19,5;100;;;
Huile d'Agran Alimentaire ;9,5;11,4;100;;;
Amlou Amande;10,5;12,6;100;;;
Amlou Pistache;999;999;100;;;
Amlou Noix de Cajou;999;999;100;;;
Amlou Noisette;999;999;100;;;
